node,community
chr15.7489086_G,0
chr15.7492565_G,0
chr15.7471335_G,0
chr2.29254514_T,0
chr2.29605029_C,0
chr2.29667608_G,0
chr2.29235833_G,0
chr2.29292877_G,0
chr15.11478136_G,0
chr2.29243201_G,0
chr15.7483878_G,0
chr15.7482755_G,0
chr15.7472365_C,0
chr2.29521547_G,0
chr2.29035833_G,0
chr15.7469243_G,0
chr5.41939141_G,0
chr2.29321547_G,0
chr5.42214141_G,0
chr15.7579958_G,0
chr2.29309274_G,0
chr15.7473908_G,0
chr2.28692976_C,0
chr2.29281655_G,0
chr15.7490106_G,0
chr2.28735833_G,0
chr15.10930899_C,0
chr2.29628690_T,0
chr5.42195809_T,0
chr15.11052739_G,0
chr19.20997533_T,1
chr6.25427661_A,1
chr5.23348338_A,1
chr14.33037446_G,1
chr6.25630919_A,1
chr6.24792798_A,1
chr6.26632704_A,1
chr6.26982153_G,1
chr6.26182704_A,1
chr6.25475363_A,1
chr6.24717413_T,1
chr6.25149389_G,1
chr5.23850020_A,1
chr6.24570818_G,1
chr6.25437987_G,1
chr6.24659006_A,1
chr6.25437994_A,1
chr6.26682704_A,1
chr19.20991241_A,1
chr17.19289959_T,1
chr6.24627960_A,1
chr5.23516337_G,1
chr14.33087446_G,1
chr6.25420818_C,1
chr6.25313675_C,1
chr14.33131876_G,1
chr13.57833169_G,1
chr6.25588307_G,1
chr7.30015127_A,2
chr8.27749768_T,2
chr4.27698056_A,2
chr8.27650969_G,2
chr4.27564723_G,2
chr4.27492460_G,2
chr2.66354247_A,2
chr2.66238791_A,2
chr2.65659947_A,2
chr7.29982450_A,2
chr8.27730969_G,2
chr4.28198056_G,2
chr4.27765649_C,2
chr2.66186268_A,2
chr2.65559947_A,2
chr2.66278371_G,2
chr2.66422205_A,2
chr7.30332750_A,2
chr15.52316395_A,2
chr2.66172124_G,2
chr15.52416077_A,2
chr2.65883977_G,2
chr5.35805237_G,2
chr2.66197104_G,2
chr4.27464723_A,2
chr16.41020411_G,3
chr16.41077566_G,3
chr16.40932777_C,3
chr14.39110772_G,3
chr16.40994233_G,3
chr14.38173360_A,3
chr14.39092129_A,3
chr16.40902566_C,3
chr14.41094789_G,3
chr14.38082158_A,3
chr14.39222495_A,3
chr16.40953309_G,3
chr14.38638141_T,3
chr14.39319627_A,3
chr14.38770689_A,3
chr16.40970847_C,3
chr14.38845414_A,3
chr14.39297782_G,3
chr14.38337242_C,3
chr14.38551931_A,3
chr16.41127787_C,3
chr14.39342664_G,3
chr14.38256303_A,3
chr14.40968995_C,3
chr14.38673360_A,3
chr2.26500119_G,4
chr2.27033395_T,4
chr2.27050291_G,4
chr2.26400119_G,4
chr2.26479017_G,4
chr2.26458770_G,4
chr2.26334518_G,4
chr3.67690139_A,4
chr2.26309107_G,4
chr2.27090878_G,4
chr2.26406302_G,4
chr2.27081346_C,4
chr2.26476649_G,4
chr2.26700119_G,4
chr2.26359894_G,4
chr2.26421692_G,4
chr2.26491073_T,4
chr3.67838708_A,4
chr2.26415999_G,4
chr2.27000119_C,4
chr2.26818853_G,4
chr2.26300119_G,4
chr14.27341925_G,5
chr2.60315589_G,5
chr14.27504589_G,5
chr2.59491061_G,5
chr2.60303288_C,5
chr14.27596033_G,5
chr10.47944918_T,5
chr14.27340952_G,5
chr14.31962383_G,5
chr10.47193636_A,5
chr2.59460952_G,5
chr2.59386701_G,5
chr6.17498717_A,5
chr2.60023280_C,5
chr14.30170779_C,5
chr14.29144589_G,5
chr10.47278252_A,5
chr2.60536614_G,5
chr14.29770779_G,5
chr2.59485158_C,5
chr11.64391119_G,6
chr11.63902522_G,6
chr7.54216503_G,6
chr7.55187759_A,6
chr7.54245249_A,6
chr7.54137967_G,6
chr7.55022218_A,6
chr7.54768884_A,6
chr7.54920057_A,6
chr11.63586511_G,6
chr11.64204828_G,6
chr7.54268681_G,6
chr7.54255278_T,6
chr7.54437619_A,6
chr11.64169188_G,6
chr7.54718884_A,6
chr11.64195637_G,6
chr11.64292102_A,6
chr9.50293551_G,7
chr1.5522064_A,7
chr18.11497973_G,7
chr18.11551833_G,7
chr9.50203491_G,7
chr9.49663491_T,7
chr9.51111970_G,7
chr1.5569995_G,7
chr9.48720157_C,7
chr9.50564840_T,7
chr9.50339202_G,7
chr9.48583134_G,7
chr9.50290757_G,7
chr9.48432378_G,7
chr9.48427031_C,7
chr18.11526204_G,7
chr1.5590023_A,7
chr18.11260473_C,7
chr15.15943016_A,8
chr15.16309683_A,8
chr6.35619598_G,8
chr6.35611926_A,8
chr15.15959351_G,8
chr6.35521762_C,8
chr6.35619477_A,8
chr6.34566142_G,8
chr19.4462556_A,8
chr19.4421111_G,8
chr6.35532058_A,8
chr15.15788991_C,8
chr15.15972630_G,8
chr6.34596640_G,8
chr15.15643016_A,8
chr6.35644577_C,8
chr6.35528489_G,8
chr2.46478080_G,9
chr2.47317604_G,9
chr17.12770047_C,9
chr17.18045705_G,9
chr17.18054368_G,9
chr2.47417604_T,9
chr2.46584969_G,9
chr17.12626525_G,9
chr17.12793784_G,9
chr2.46544747_G,9
chr17.16847716_T,9
chr2.46587604_G,9
chr2.46639046_G,9
chr17.12822383_G,9
chr17.12751525_G,9
chr2.46578865_C,9
chr3.89647182_A,10
chr3.88334279_G,10
chr3.89598632_C,10
chr3.89585344_G,10
chr3.89704409_G,10
chr3.88125067_G,10
chr3.89717846_G,10
chr11.38093833_G,10
chr3.86271378_C,10
chr11.38024707_G,10
chr3.87931452_A,10
chr11.38237306_G,10
chr5.92561753_G,10
chr11.37993833_G,10
chr3.86541853_C,10
chr3.89672776_A,10
chr2.57012256_A,11
chr2.57053796_G,11
chr2.59102267_G,11
chr2.56179341_A,11
chr6.78562168_G,11
chr2.58673837_G,11
chr2.59072147_G,11
chr6.24985103_G,11
chr2.55155690_A,11
chr2.55345180_A,11
chr2.56279341_A,11
chr2.58591962_C,11
chr6.78437885_G,11
chr6.78616456_T,11
chr2.59166973_A,11
chr2.56745907_G,11
chr14.36369553_G,12
chr9.32999469_G,12
chr14.36373766_T,12
chr17.27621022_A,12
chr9.54369010_C,12
chr14.36493524_G,12
chr14.36415810_G,12
chr14.36442041_G,12
chr17.28410037_A,12
chr14.36469456_G,12
chr9.54379533_C,12
chr9.54388157_G,12
chr14.36397646_G,12
chr14.36520996_C,12
chr10.44336493_C,12
chr18.63529213_G,13
chr1.34312297_C,13
chr17.56530328_G,13
chr17.56534107_A,13
chr1.34364011_G,13
chr17.57346701_C,13
chr1.34264432_G,13
chr18.63356899_C,13
chr18.63649415_G,13
chr18.63088606_A,13
chr8.63922910_A,13
chr8.63626283_A,13
chr17.56694478_G,13
chr1.34374392_G,13
chr17.56529477_A,13
chr17.44197323_G,14
chr17.44157725_G,14
chr17.44104466_C,14
chr17.45109795_C,14
chr1.18880000_G,14
chr6.3356268_G,14
chr17.45131805_G,14
chr6.2956268_T,14
chr17.44704466_G,14
chr6.3576202_G,14
chr1.18698743_G,14
chr17.45211609_T,14
chr17.44880109_G,14
chr17.44720219_G,14
chr10.61181225_A,15
chr10.61267468_A,15
chr10.61252451_A,15
chr10.61232935_C,15
chr2.87474353_G,15
chr10.61203042_A,15
chr10.61262659_G,15
chr10.61269615_G,15
chr10.61224747_A,15
chr10.61199959_C,15
chr2.87530721_G,15
chr9.72253808_C,15
chr10.61250426_C,15
chr10.61225491_A,15
chr5.20237418_G,16
chr6.43890295_G,16
chr5.69577813_A,16
chr7.29616362_G,16
chr5.69660363_A,16
chr6.43990295_A,16
chr7.29810847_C,16
chr7.29762007_G,16
chr5.69920671_A,16
chr2.108339009_G,16
chr7.29707061_G,16
chr7.29678674_C,16
chr7.29613481_C,16
chr6.44131197_T,16
chr7.30921691_A,17
chr9.48441338_G,17
chr9.48484173_G,17
chr4.3011190_G,17
chr4.3144523_G,17
chr14.23467035_A,17
chr4.2916237_G,17
chr9.48767240_G,17
chr9.48747853_G,17
chr14.23791517_A,17
chr9.48726648_G,17
chr9.48581976_G,17
chr14.23777857_A,17
chr7.30922007_A,17
chr12.29396896_A,18
chr13.24759981_A,18
chr12.29417323_A,18
chr12.29854717_G,18
chr12.29672320_G,18
chr1.117959070_G,18
chr12.29504717_G,18
chr1.117916221_T,18
chr1.117974941_G,18
chr5.44770807_G,18
chr5.37614022_A,18
chr13.24908274_G,18
chr13.24859981_A,18
chr13.24785571_A,18
chr12.18410514_G,19
chr6.27895477_G,19
chr12.18525082_C,19
chr12.17622284_G,19
chr12.17765280_G,19
chr12.19540605_C,19
chr12.18793521_T,19
chr19.100000_C,19
chr12.18203854_G,19
chr6.27882704_G,19
chr12.17413881_G,19
chr6.27923132_G,19
chr6.27898215_T,19
chr19.62447_G,19
chr7.63190258_G,20
chr10.71591052_A,20
chr3.68581732_A,20
chr10.71935843_G,20
chr7.63076763_G,20
chr13.63524836_G,20
chr7.63096763_G,20
chr15.38628660_G,20
chr11.36189002_G,20
chr15.32180283_G,20
chr15.26506795_G,20
chr15.26156795_G,20
chr13.62813808_G,20
chr7.63260982_G,20
chr14.39517424_C,21
chr17.19192554_G,21
chr17.19980511_T,21
chr14.39717566_T,21
chr10.82489170_A,21
chr14.39651931_C,21
chr17.19219636_C,21
chr10.82403138_T,21
chr14.39473360_A,21
chr10.82566619_A,21
chr10.82281665_A,21
chr10.82481665_T,21
chr17.19238163_G,21
chr14.39573360_G,21
chr14.37995076_A,22
chr14.38116209_G,22
chr11.3686666_G,22
chr11.3945338_A,22
chr11.4402677_A,22
chr6.36770926_C,22
chr14.37822275_G,22
chr11.4031450_G,22
chr6.36873749_G,22
chr11.2339456_A,22
chr11.4877160_A,22
chr11.4470813_A,22
chr14.37951931_G,22
chr1.5779386_G,23
chr14.13027953_G,23
chr13.59008169_G,23
chr1.5820141_G,23
chr13.60758169_A,23
chr1.5722064_A,23
chr1.5977619_G,23
chr13.58953799_A,23
chr1.5913801_A,23
chr13.58733169_A,23
chr1.5692933_A,23
chr11.36968833_A,23
chr9.26478151_G,23
chr1.89786607_G,24
chr16.440268_G,24
chr1.89729490_G,24
chr1.89649940_C,24
chr1.89663176_G,24
chr16.851014_A,24
chr1.89749076_G,24
chr1.89654149_G,24
chr1.89678364_G,24
chr9.84060428_A,24
chr9.84350442_A,24
chr1.89766607_G,24
chr1.89658743_G,24
chr8.80499295_G,25
chr18.55423181_G,25
chr11.15162458_G,25
chr18.55375276_G,25
chr16.45211849_G,25
chr19.54058557_G,25
chr18.55322613_G,25
chr11.14931000_G,25
chr18.55040077_G,25
chr11.14922499_C,25
chr11.13408113_G,25
chr16.45011849_G,25
chr8.80525414_T,25
chr4.54999348_G,26
chr1.4461349_G,26
chr2.31512023_A,26
chr1.4866111_G,26
chr1.4532778_G,26
chr2.31833053_G,26
chr2.32106436_A,26
chr2.31534857_T,26
chr2.31526930_A,26
chr2.31564171_A,26
chr4.55036220_G,26
chr2.31588856_A,26
chr2.31626309_G,26
chr14.33921970_T,27
chr14.33704113_G,27
chr14.28187446_A,27
chr14.28616219_A,27
chr14.33587446_A,27
chr1.80986607_T,27
chr14.33666111_T,27
chr14.33637446_G,27
chr1.27368593_A,27
chr1.27508593_A,27
chr14.28254427_A,27
chr1.80924778_A,27
chr14.33846970_A,27
chr13.26523316_C,28
chr6.43020295_A,28
chr13.27659029_C,28
chr13.27839029_C,28
chr6.43058217_A,28
chr6.43091302_C,28
chr6.43286961_A,28
chr13.27083871_A,28
chr14.56243844_G,28
chr4.71437181_C,28
chr6.43542341_C,28
chr13.26879029_A,28
chr12.40792401_G,29
chr12.40489122_A,29
chr12.41116669_A,29
chr19.41996464_G,29
chr12.41203646_G,29
chr10.52587259_G,29
chr12.40913077_G,29
chr12.40716037_A,29
chr12.40860789_G,29
chr14.30370779_G,29
chr10.51987259_A,29
chr12.41060789_A,29
chr7.29308228_C,30
chr9.18417066_C,30
chr5.32751698_G,30
chr5.33030312_A,30
chr5.33010229_A,30
chr5.33035450_A,30
chr3.73642361_A,30
chr7.29178674_C,30
chr5.32661213_G,30
chr5.32973912_G,30
chr5.32994979_A,30
chr5.32718356_T,30
chr14.16723030_G,31
chr4.62947768_G,31
chr10.14924385_C,31
chr14.16759497_G,31
chr4.63108562_C,31
chr10.15096351_A,31
chr14.16523030_G,31
chr4.62697768_G,31
chr4.63073087_T,31
chr14.16623030_A,31
chr14.16583030_A,31
chr2.62709886_G,32
chr2.63054316_G,32
chr5.51651067_A,32
chr2.62775576_G,32
chr5.51732428_A,32
chr5.51688817_G,32
chr5.51372496_C,32
chr2.62976614_G,32
chr5.51558210_G,32
chr2.62732686_G,32
chr5.51738906_A,32
chr12.33556712_A,33
chr12.33054518_G,33
chr12.33677865_G,33
chr12.34232128_A,33
chr15.15595569_G,33
chr12.33471247_A,33
chr17.62890272_T,33
chr12.33401614_G,33
chr15.16159683_C,33
chr15.16609683_A,33
chr15.15793016_A,33
chr8.5764505_A,34
chr8.5874505_A,34
chr16.20036185_G,34
chr16.20223272_G,34
chr8.5825032_G,34
chr8.5824505_C,34
chr16.20680414_G,34
chr16.20008986_A,34
chr16.20423272_C,34
chr16.20280414_C,34
chr8.6788778_C,34
chr6.45316961_G,35
chr8.41061976_A,35
chr8.40654833_A,35
chr8.40411140_T,35
chr8.41233405_C,35
chr12.5127435_A,35
chr12.5827879_C,35
chr12.5852435_G,35
chr8.41890548_A,35
chr8.41704833_A,35
chr8.40590548_A,35
chr4.1636190_G,36
chr4.143632_C,36
chr10.39452326_G,36
chr18.32288143_G,36
chr5.71921858_C,36
chr4.550000_G,36
chr4.400000_G,36
chr4.43692678_G,36
chr11.17571541_A,36
chr10.39496580_A,36
chr10.39277477_A,36
chr10.79004719_G,37
chr2.85374353_G,37
chr2.85892803_G,37
chr2.85874353_G,37
chr9.68773531_A,37
chr2.85966835_G,37
chr9.68689046_A,37
chr2.86207687_G,37
chr9.56080851_G,37
chr2.86107687_G,37
chr12.67271444_G,38
chr3.3128021_G,38
chr2.65326614_G,38
chr2.65409739_G,38
chr1.89644768_G,38
chr3.3562365_G,38
chr2.65489619_A,38
chr2.64944753_G,38
chr1.89621860_G,38
chr3.5418476_G,38
chr1.56360384_G,39
chr1.56536259_G,39
chr1.56127051_G,39
chr11.20466150_G,39
chr3.69513762_G,39
chr1.56839516_C,39
chr11.20130381_G,39
chr3.69569312_T,39
chr3.69197292_G,39
chr3.69421820_G,39
chr16.26794502_G,40
chr16.26682002_G,40
chr16.26724997_G,40
chr3.67926794_G,40
chr16.28016724_G,40
chr16.26708420_A,40
chr16.26596287_A,40
chr3.67867399_A,40
chr16.26706071_A,40
chr16.26695611_G,40
chr11.88567264_G,41
chr11.88536472_A,41
chr7.53308170_G,41
chr17.12151525_G,41
chr9.56627344_G,41
chr9.56789082_G,41
chr11.88580189_G,41
chr8.4281648_A,41
chr8.4301212_C,41
chr11.88515871_G,41
chr12.40596959_A,42
chr4.23885877_A,42
chr18.16980621_G,42
chr7.28026190_G,42
chr12.40673723_G,42
chr17.48481373_A,42
chr12.40761435_A,42
chr12.40485749_G,42
chr17.48703196_A,42
chr18.17069231_G,42
chr6.49943628_G,43
chr6.50118628_G,43
chr6.50418628_G,43
chr6.50163656_G,43
chr3.86916765_G,43
chr6.50093628_G,43
chr3.87303324_G,43
chr6.49583628_G,43
chr6.49783628_G,43
chr4.34721725_G,44
chr4.34483215_G,44
chr4.82942657_G,44
chr4.34428670_T,44
chr4.34684225_G,44
chr4.83033566_G,44
chr4.34628670_G,44
chr4.83281956_A,44
chr8.23230969_G,44
chr3.47679944_G,45
chr8.31467397_G,45
chr8.32017397_G,45
chr8.31470548_C,45
chr8.31500731_G,45
chr8.31426227_T,45
chr8.31767397_G,45
chr8.31481431_T,45
chr3.47129944_A,45
chr13.38955077_A,46
chr13.38607977_G,46
chr13.38885701_A,46
chr13.39073307_C,46
chr13.39895682_A,46
chr13.38873307_G,46
chr13.38609021_C,46
chr4.27898056_A,46
chr13.38885834_G,46
chr11.51315127_G,47
chr11.51331928_G,47
chr15.58444410_G,47
chr11.23204210_A,47
chr11.51831928_G,47
chr9.21658732_G,47
chr15.57164410_G,47
chr9.70953808_G,47
chr9.21729614_G,47
chr18.100000_A,48
chr12.38810789_A,48
chr18.0_G,48
chr4.11503922_A,48
chr12.38271420_G,48
chr4.77087181_A,48
chr4.11809321_A,48
chr12.38744122_A,48
chr4.11529726_A,48
chr2.61808442_G,49
chr2.61828494_C,49
chr2.61303280_T,49
chr2.61384227_G,49
chr2.61636614_G,49
chr2.61336614_G,49
chr9.26633732_G,49
chr2.61838117_A,49
chr2.61764017_T,49
chr17.48567559_C,50
chr8.34890409_C,50
chr17.48969863_G,50
chr17.48667246_C,50
chr8.34283362_A,50
chr6.20634059_G,50
chr8.33968263_G,50
chr6.16934893_A,50
chr6.17282393_A,50
chr1.43962975_A,51
chr15.39944879_A,51
chr15.40054245_A,51
chr15.40803308_A,51
chr15.40001215_A,51
chr1.43615107_G,51
chr1.43780630_G,51
chr15.40803187_G,51
chr1.43175907_A,51
chr6.80945028_G,52
chr6.81259314_C,52
chr2.27778690_G,52
chr6.81173599_G,52
chr6.81231634_G,52
chr6.81268515_G,52
chr2.28019982_G,52
chr6.80923599_C,52
chr7.34874244_G,53
chr7.34638674_G,53
chr12.5552435_A,53
chr12.5370413_A,53
chr3.65606806_G,53
chr3.65506806_C,53
chr7.34838674_G,53
chr3.65632927_A,53
chr6.41936395_G,54
chr15.62885679_G,54
chr6.42013350_G,54
chr6.42435995_G,54
chr6.41740623_G,54
chr6.41702121_C,54
chr6.41476987_G,54
chr6.41872808_C,54
chr17.100000_A,55
chr6.46033628_A,55
chr17.452500_G,55
chr17.166700_G,55
chr6.45986341_A,55
chr6.45933628_A,55
chr17.909642_A,55
chr17.141834_G,55
chr10.8216806_A,56
chr18.7503235_A,56
chr18.7474009_G,56
chr18.6480668_A,56
chr18.6066866_G,56
chr18.7568987_G,56
chr18.6588295_G,56
chr18.7549467_A,56
chr3.20682453_G,57
chr7.29512344_G,57
chr9.86032990_G,57
chr9.86018094_A,57
chr3.21095045_G,57
chr3.20929092_G,57
chr9.86024180_A,57
chr3.21134177_T,57
chr1.75305571_G,58
chr17.62856939_A,58
chr10.79764998_G,58
chr7.11153055_G,58
chr14.33487446_G,58
chr17.62903473_G,58
chr11.91924907_G,58
chr3.48440529_G,59
chr3.48146611_G,59
chr3.71070139_C,59
chr3.48346611_G,59
chr3.47320590_T,59
chr3.48046611_G,59
chr3.48085052_C,59
chr2.52926801_A,60
chr12.35890313_G,60
chr2.53154669_G,60
chr12.35485501_G,60
chr12.35390313_A,60
chr4.12831719_G,60
chr2.53147554_A,60
chr7.12492146_G,61
chr7.12856432_A,61
chr7.12512991_G,61
chr7.13063355_A,61
chr7.12963607_A,61
chr1.39994774_G,61
chr19.46380847_G,61
chr3.69590139_A,62
chr11.40753423_A,62
chr9.72803808_C,62
chr3.69489087_G,62
chr3.69346078_G,62
chr3.69452591_G,62
chr3.69729483_A,62
chr3.54608332_G,63
chr3.54665797_G,63
chr11.1911666_G,63
chr3.54627922_G,63
chr3.54733733_G,63
chr3.54596097_G,63
chr3.54590150_G,63
chr11.92151514_G,64
chr5.92726076_G,64
chr11.92174752_A,64
chr11.92178416_A,64
chr11.92162806_A,64
chr11.92105540_C,64
chr11.92098416_A,64
chr10.75607094_C,65
chr10.75573094_G,65
chr15.41940698_A,65
chr10.75596646_G,65
chr10.75581945_A,65
chr10.75630236_A,65
chr10.75713570_A,65
chr15.53226423_A,66
chr15.53264410_G,66
chr2.40360173_C,66
chr15.52931077_A,66
chr15.53614410_G,66
chr2.40423684_G,66
chr2.40382454_G,66
chr2.99067223_A,67
chr18.18470904_G,67
chr2.99873519_A,67
chr9.25533732_A,67
chr2.99063519_A,67
chr2.99068699_G,67
chr18.18459283_C,67
chr9.79029526_G,68
chr9.79585258_G,68
chr1.35718329_T,68
chr9.79296085_A,68
chr9.79735817_C,68
chr9.79848591_A,68
chr1.35290806_G,68
chr2.26267771_G,69
chr2.26282958_G,69
chr6.65333404_A,69
chr2.26273849_G,69
chr2.26264255_G,69
chr2.26282976_G,69
chr2.26268137_C,69
chr4.77242468_G,70
chr4.77687181_G,70
chr13.40073307_G,70
chr16.34452340_G,70
chr13.40099232_G,70
chr13.40074299_G,70
chr13.40001170_T,70
chr3.59075736_A,71
chr7.62410454_G,71
chr3.59109379_G,71
chr3.59043266_G,71
chr3.59101362_G,71
chr7.62276763_G,71
chr3.58952510_A,71
chr4.41680144_C,72
chr4.40889821_G,72
chr4.40932276_C,72
chr4.41037443_G,72
chr12.8019101_G,72
chr4.41049821_G,72
chr2.96421852_G,72
chr17.62331939_G,73
chr1.42735431_G,73
chr1.42859240_G,73
chr17.62472788_C,73
chr1.43099762_G,73
chr1.43008454_A,73
chr1.42987298_A,73
chr17.37608095_G,74
chr3.20562604_A,74
chr17.37276974_A,74
chr17.37447999_G,74
chr17.37511435_A,74
chr3.20609782_A,74
chr1.26304076_A,75
chr9.33678041_G,75
chr9.33705393_G,75
chr9.33784491_G,75
chr15.34744569_A,75
chr11.90978416_G,75
chr11.24975872_A,76
chr8.32622861_G,76
chr11.24958660_A,76
chr11.25219811_A,76
chr11.25074115_C,76
chr11.24139603_G,76
chr4.69862824_G,77
chr9.98337_G,77
chr4.73375746_A,77
chr18.19642205_A,77
chr4.73172895_A,77
chr4.73422360_A,77
chr5.13144734_G,78
chr5.12489263_T,78
chr5.12344640_A,78
chr1.116868381_G,78
chr5.12550476_G,78
chr1.116716221_G,78
chr14.33237446_G,79
chr1.99718691_G,79
chr1.99908483_A,79
chr1.65438003_G,79
chr1.65569078_G,79
chr1.65583039_A,79
chr15.12505593_G,80
chr15.12533930_G,80
chr18.6207956_A,80
chr8.50934999_C,80
chr15.12430644_G,80
chr15.12609207_G,80
chr13.32992861_G,81
chr6.35950353_A,81
chr6.35959230_G,81
chr6.36041663_G,81
chr9.80627365_A,81
chr6.36053965_A,81
chr11.39331740_G,82
chr8.38935074_A,82
chr8.39156957_A,82
chr11.38985261_G,82
chr8.40103263_A,82
chr8.39128450_A,82
chr5.40461865_A,83
chr5.40307408_A,83
chr3.44312714_G,83
chr5.40233093_G,83
chr5.40493550_A,83
chr5.40135450_C,83
chr1.57821602_A,84
chr18.34970142_G,84
chr1.57569806_T,84
chr1.57498717_A,84
chr1.58861813_G,84
chr1.57710622_A,84
chr2.28573297_G,85
chr2.28607661_G,85
chr2.28595105_G,85
chr2.28614404_G,85
chr2.43666380_A,85
chr2.28557261_C,85
chr2.106585741_G,86
chr4.89024398_G,86
chr4.88442831_G,86
chr4.90833667_G,86
chr2.106502408_A,86
chr4.90569381_T,86
chr5.69077813_A,87
chr2.55017607_G,87
chr2.54794984_C,87
chr2.54717274_G,87
chr2.54572357_G,87
chr5.69092099_G,87
chr1.5622064_G,88
chr3.3762365_A,88
chr3.3772197_A,88
chr1.5540705_G,88
chr1.5653440_A,88
chr2.55485690_G,89
chr5.101311753_G,89
chr12.64995172_A,89
chr12.64849266_G,89
chr5.96036753_G,89
chr5.19296511_G,90
chr7.22829767_G,90
chr5.19312885_C,90
chr5.19294745_T,90
chr5.19332432_G,90
chr9.65793808_G,91
chr13.48331961_C,91
chr13.48352948_G,91
chr13.48286905_G,91
chr9.65952377_A,91
chr9.44773825_G,92
chr9.44816713_G,92
chr9.44951907_G,92
chr11.42392449_A,92
chr13.60458169_A,92
chr3.55005601_A,93
chr3.54140150_A,93
chr3.33997113_C,93
chr3.33984782_C,93
chr3.33991237_G,93
chr2.64300356_C,94
chr2.64297152_A,94
chr2.63897604_G,94
chr4.86082124_G,94
chr2.64676614_G,94
chr7.35783317_C,95
chr7.35450420_A,95
chr3.37046774_C,95
chr2.82657359_G,95
chr2.82261270_A,95
chr1.56751564_G,96
chr1.56653972_G,96
chr9.32345028_G,96
chr9.32342089_G,96
chr1.56429072_A,96
chr1.1719065_G,97
chr1.1195243_C,97
chr1.1718472_C,97
chr9.55279415_A,97
chr16.34647212_T,97
chr14.16156651_G,98
chr14.16273030_G,98
chr4.60109435_G,98
chr4.60046935_C,98
chr4.60146935_G,98
chr14.149874_G,99
chr14.111564_G,99
chr15.42577819_C,99
chr14.33941755_G,99
chr4.298414_G,99
chr2.91601506_A,100
chr19.19519297_G,100
chr2.91297687_G,100
chr19.19704841_A,100
chr19.20116890_G,100
chr9.60368583_G,101
chr4.57363634_T,101
chr3.45503278_G,101
chr9.60464568_C,101
chr4.57906101_G,101
chr19.18958412_T,102
chr19.18390912_A,102
chr7.49913872_G,102
chr19.18632246_G,102
chr3.83935344_G,102
chr1.96523034_T,103
chr13.68771503_G,103
chr13.68857217_G,103
chr1.95525741_G,103
chr13.68571503_G,103
chr12.43998289_A,104
chr2.41104513_G,104
chr2.41117875_G,104
chr2.70835566_A,104
chr2.41128336_G,104
chr5.16202685_C,105
chr5.16087544_A,105
chr5.16351704_A,105
chr5.15815990_G,105
chr13.51025828_G,105
chr11.14229037_A,106
chr11.14117346_A,106
chr16.35775784_G,106
chr11.14056918_C,106
chr11.14040431_G,106
chr2.30328690_A,107
chr5.7718306_C,107
chr5.7618306_C,107
chr5.7854020_A,107
chr5.7966479_A,107
chr3.60931525_G,108
chr14.53286974_C,108
chr3.60958717_G,108
chr3.60915554_G,108
chr3.60946010_G,108
chr16.39066138_T,109
chr16.39072596_G,109
chr16.39166138_C,109
chr7.24474865_G,109
chr7.24374865_G,109
chr8.33617172_A,110
chr9.62839794_G,110
chr6.40470858_G,110
chr9.63095475_A,110
chr6.40458611_A,110
chr4.11050951_G,111
chr4.10575351_A,111
chr4.10668208_G,111
chr11.73357046_C,111
chr4.10836640_G,111
chr4.8010028_C,112
chr1.25420215_A,112
chr1.25543372_T,112
chr4.7631730_T,112
chr4.8011422_G,112
chr1.101841816_A,113
chr17.62806939_G,113
chr17.62982902_G,113
chr1.101936296_G,113
chr17.62918795_G,113
chr9.84359761_A,114
chr11.17086584_G,114
chr11.11962050_G,114
chr11.10103113_G,114
chr11.17666745_C,114
chr11.34463897_A,115
chr3.41013689_G,115
chr3.41015294_G,115
chr11.34242166_G,115
chr12.16158325_G,116
chr12.16283108_G,116
chr12.16232894_G,116
chr4.12853741_G,116
chr1.68495265_G,117
chr1.68406562_G,117
chr11.65872046_A,117
chr1.68400723_G,117
chr11.6027561_G,118
chr11.8249780_G,118
chr11.8160152_A,118
chr9.52546727_G,118
chr3.29231698_C,119
chr3.4558616_G,119
chr1.74565067_G,119
chr3.4548476_G,119
chr12.32684162_G,120
chr13.51225828_A,120
chr17.14573430_G,120
chr13.50945828_G,120
chr17.23387716_G,121
chr12.14034992_A,121
chr12.14020706_G,121
chr17.23388913_G,121
chr3.67782456_A,122
chr3.59130554_G,122
chr3.59175554_A,122
chr3.59000341_G,122
chr11.48699676_T,123
chr2.46355145_G,123
chr3.73328058_G,123
chr3.73142361_C,123
chr5.15266633_A,124
chr3.14905805_G,124
chr5.15412418_A,124
chr5.15429409_A,124
chr4.1292857_G,125
chr4.934611_G,125
chr11.46515386_G,125
chr5.48687474_G,125
chr2.10185354_G,126
chr5.61634786_C,126
chr5.61494242_G,126
chr5.61465858_G,126
chr12.37910936_G,127
chr5.85370016_G,127
chr12.39760789_G,127
chr1.12542500_C,127
chr9.79500005_A,128
chr4.92840810_G,128
chr9.79293836_G,128
chr4.92376524_G,128
chr7.64433053_C,129
chr7.64425551_G,129
chr12.58301582_G,129
chr12.58230154_G,129
chr14.49836735_C,130
chr6.78623599_C,130
chr14.49622804_G,130
chr14.49766496_T,130
chr6.58913262_G,131
chr6.58666109_G,131
chr15.53739410_G,131
chr6.58649422_G,131
chr3.5644_G,132
chr3.20102_G,132
chr3.30715_G,132
chr17.62706939_A,132
chr7.52516273_C,133
chr2.89407687_G,133
chr7.52486439_G,133
chr7.52521074_G,133
chr11.37319435_A,134
chr4.58785862_T,134
chr11.37268833_G,134
chr4.58684184_C,134
chr13.67888169_A,135
chr10.63916939_G,135
chr10.63724082_G,135
chr10.63830383_G,135
chr4.35526858_C,136
chr6.12041674_G,136
chr6.11894679_C,136
chr6.11926651_A,136
chr4.42049821_G,137
chr10.11415983_G,137
chr13.44156640_G,137
chr4.41749821_G,137
chr6.60710071_G,138
chr6.60810071_G,138
chr16.55877020_A,138
chr6.60784227_G,138
chr13.45128674_C,139
chr5.24937378_A,139
chr5.24678132_A,139
chr5.24778132_A,139
chr13.65489721_G,140
chr2.99263519_G,140
chr2.99296847_G,140
chr2.99353519_G,140
chr3.29799016_G,141
chr3.29797786_A,141
chr11.17611189_G,141
chr3.29796774_T,141
chr11.75400379_G,142
chr6.77022040_G,142
chr6.75945028_G,142
chr6.77091182_G,142
chr16.37732237_T,143
chr14.1351071_G,143
chr14.728571_A,143
chr16.37717328_G,143
chr2.42518358_G,144
chr13.47994713_A,144
chr2.42251691_T,144
chr2.42602266_T,144
chr11.77473434_A,145
chr15.35959857_A,145
chr15.35944569_G,145
chr15.35983213_A,145
chr5.44645807_G,146
chr3.15569781_G,146
chr4.87709497_G,146
chr3.13492289_A,146
chr4.65044594_C,147
chr4.65244594_G,147
chr4.65262704_G,147
chr11.21887232_C,147
chr9.53065177_T,148
chr8.59081677_A,148
chr8.59153105_A,148
chr9.53064010_G,148
chr13.48029184_G,149
chr5.90001435_G,149
chr13.47997819_G,149
chr13.53939843_T,150
chr13.53514863_G,150
chr14.2895876_A,150
chr14.51962371_C,151
chr7.2371111_A,151
chr14.51822371_G,151
chr1.97022790_C,152
chr5.48037474_T,152
chr1.96950446_C,152
chr11.35550499_G,153
chr11.35375499_G,153
chr2.88774353_G,153
chr1.95461015_C,154
chr1.75734105_G,154
chr1.76165067_A,154
chr1.28179725_A,155
chr1.28050147_G,155
chr7.43930328_G,155
chr3.25769763_C,156
chr3.25341986_G,156
chr7.50697495_C,156
chr9.371428_A,157
chr11.32467036_C,157
chr18.35059411_G,157
chr11.82106768_G,158
chr3.47000158_A,158
chr11.82146768_G,158
chr1.39028703_A,159
chr13.26245695_G,159
chr1.39166203_C,159
chr9.31429738_A,160
chr13.41683307_A,160
chr9.31419319_G,160
chr13.51400828_A,161
chr3.20339760_G,161
chr13.51275828_G,161
chr15.3419365_G,162
chr13.54734161_G,162
chr13.54791304_G,162
chr17.35152736_G,163
chr17.34968641_C,163
chr1.13445704_G,163
chr9.40491577_G,164
chr6.16394407_G,164
chr18.15965386_G,164
chr18.16978331_G,165
chr16.4633144_G,165
chr18.16878331_C,165
chr7.33346186_A,166
chr7.33400613_A,166
chr18.23665538_G,166
chr19.9100396_A,167
chr7.88654314_A,167
chr10.29339617_G,167
chr4.65818067_G,168
chr4.65707822_G,168
chr6.27699814_A,168
chr11.64425267_G,169
chr5.103866753_G,169
chr11.66843630_G,169
chr9.64253808_G,170
chr14.27092227_C,170
chr9.64441469_A,170
chr11.32070276_G,171
chr18.38578197_G,171
chr11.32085935_G,171
chr7.44030328_G,172
chr8.51159595_A,172
chr8.51157837_A,172
chr1.46343871_A,173
chr1.46250024_C,173
chr7.23922474_A,173
chr8.35548263_T,174
chr9.38443336_A,174
chr9.37826595_C,174
chr8.33874954_G,175
chr8.10145371_A,175
chr8.10044315_G,175
chr11.20221290_G,176
chr11.20321290_C,176
chr11.41750261_G,176
chr15.19173016_G,177
chr18.42715399_G,177
chr15.19191433_G,177
chr6.10666849_G,178
chr11.17485145_G,178
chr6.10711492_T,178
chr1.16839019_G,179
chr1.16822913_T,179
chr16.28256559_A,179
chr16.42660900_C,180
chr14.22869257_G,180
chr1.4899444_A,180
chr16.52163198_A,181
chr1.117745600_A,181
chr1.117580177_A,181
chr8.10408296_T,182
chr16.55278872_C,182
chr8.9692807_G,182
chr13.67203169_G,183
chr16.55923563_A,183
chr13.67024277_G,183
chr9.35403865_G,184
chr9.52279632_G,184
chr9.35438628_G,184
chr11.5284241_G,185
chr2.59823280_G,185
chr2.59923280_T,185
chr8.33134930_G,186
chr9.83134761_A,186
chr8.33539067_G,186
chr9.73278808_G,187
chr9.73462483_C,187
chr18.31252999_G,187
chr3.19880622_G,188
chr12.33056384_C,188
chr3.19595622_G,188
chr12.31146384_A,189
chr12.30838051_C,189
chr4.75694324_C,189
chr5.13346474_G,190
chr1.3017673_A,190
chr5.13644640_T,190
chr11.40503900_G,191
chr11.73137609_A,191
chr11.73102046_A,191
chr15.19473016_G,192
chr18.38278197_A,192
chr15.19489947_G,192
chr3.67056806_A,193
chr3.68390139_G,193
chr3.19751892_T,193
chr11.30539472_A,194
chr7.88755146_G,194
chr12.42887178_G,195
chr7.29578674_C,195
chr12.44590511_G,196
chr12.10965536_C,196
chr2.85274353_G,197
chr4.58407104_T,197
chr7.69332862_A,198
chr5.61037511_G,198
chr9.28641662_G,199
chr9.22409808_A,199
chr8.78891568_A,200
chr9.33912994_C,200
chr3.55613887_A,201
chr9.53414010_T,201
chr5.2586754_G,202
chr10.78943570_G,202
chr7.27788674_C,203
chr11.13522399_A,203
chr11.46220261_C,204
chr2.50623711_G,204
chr11.82064122_G,205
chr2.70694522_G,205
chr1.86983274_G,206
chr12.5405940_C,206
chr9.35537198_C,207
chr12.62546820_G,207
chr14.17256608_G,208
chr8.36998263_G,208
chr14.59769760_G,209
chr2.85309085_G,209
chr15.5879411_C,210
chr14.5985876_G,210
chr1.55556004_T,211
chr17.3276309_G,211
chr17.37713802_G,212
chr19.17022063_C,212
chr10.10721039_A,213
chr4.33049781_G,213
chr3.20254724_G,214
chr3.12032289_G,214
chr9.20542066_A,215
chr15.53773362_A,215
chr9.67672380_G,216
chr14.58010462_A,216
chr2.600000_G,217
chr11.11808113_G,217
chr1.75687672_G,218
chr18.42984864_C,218
chr7.43790328_A,219
chr4.60521935_G,219
chr4.79386851_G,220
chr15.1878888_C,220
chr9.55274825_G,221
chr4.64923165_T,221
chr5.99336753_A,222
chr3.58163887_A,222
chr12.56432697_G,223
chr9.68955713_A,223
chr1.94141607_G,224
chr10.83381665_G,224
chr4.88942831_G,225
chr7.88996788_G,225
chr4.59081363_T,226
chr8.33514234_G,226
chr8.9710418_G,227
chr16.13929462_A,227
chr16.31191606_C,228
chr3.25237607_G,228
chr16.39006139_C,229
chr7.54722031_G,229
chr11.36222289_C,230
chr16.50292246_G,230
chr10.36426284_A,231
chr2.43618358_G,231
chr13.43056640_G,232
chr10.39538082_G,232
chr8.7276747_G,233
chr11.49820289_G,233
chr9.84659761_A,234
chr11.14088577_G,234
chr13.3269963_A,235
chr6.26782704_G,235
chr9.83784761_G,236
chr11.6303749_G,236
chr11.28703282_T,237
chr17.18067716_A,237
chr5.12711307_G,238
chr2.67392709_A,238
chr19.15868316_C,239
chr1.98145468_G,239
chr7.71383457_A,240
chr7.22545024_A,240
chr2.41663230_G,241
chr1.11992500_G,241
chr18.17143887_G,242
chr2.69506830_G,242
chr4.63937451_G,243
chr7.85864099_G,243
