from,to,weight
chr1.281114602_A,chr11.27031874_C,0.029207045
chr1.281489881_C,chr1.282112734_C,0.028292584
chr1.281411657_T,chr1.281432568_C,0.021534449
chr1.280990149_T,chr1.282112734_C,0.028292584
chr1.280990149_T,chr1.281474809_G,0.023473585
chr1.280990149_T,chr1.281432568_C,0.014660284
chr1.281490061_C,chr1.282112734_C,0.015390941
chr1.281490061_C,chr1.281474809_G,0.011191742
chr1.281490061_C,chr1.281432568_C,0.005886567
chr1.282527574_A,chr1.282065226_C,0.02318734
chr1.282527574_A,chr1.282080763_T,0.02318734
chr1.281038407_C,chr1.281474809_G,0.027549856
chr1.281038407_C,chr1.281432568_C,0.02140021
chr1.281410169_G,chr1.282112734_C,0.010499038
chr1.281410169_G,chr1.282011630_A,0.026540215
chr1.281410169_G,chr1.281474809_G,0.004887046
chr1.281410169_G,chr1.282104740_T,0.028292584
chr1.281410169_G,chr1.282235634_G,0.029023045
chr1.281410169_G,chr1.281074099_T,0.029490937
chr1.282044604_T,chr1.282127663_T,0.021890018
chr1.281960456_A,chr1.282127663_T,0.022289937
chr1.280967128_T,chr1.281432568_C,0.015452355
chr1.280967128_T,chr1.280931791_G,0.026540215
chr1.280967128_T,chr1.280959008_T,0.023202326
chr1.280967128_T,chr1.281074099_T,0.029057456
chr1.282106850_T,chr1.282127663_T,0.021441843
chr1.280924773_C,chr1.282112734_C,0.013421534
chr1.280924773_C,chr1.281474809_G,0.00799626
chr1.280924773_C,chr1.281432568_C,0.004887046
chr1.281039287_C,chr1.282112734_C,0.011931905
chr1.281039287_C,chr1.281961194_A,0.025221791
chr1.282334089_G,chr1.282127663_T,0.027839338
chr1.281049029_T,chr1.282112734_C,0.025221791
chr1.281049029_T,chr1.281474809_G,0.014848115
chr1.281049029_T,chr1.281432568_C,0.014357255
chr1.281049029_T,chr1.281407364_C,0.023914209
chr1.281049029_T,chr1.280931791_G,0.02487804
chr1.281049029_T,chr1.281284292_A,0.015452355
chr1.281049029_T,chr1.280959008_T,0.023897864
chr1.281049029_T,chr1.281074099_T,0.014012455
chr1.281381995_A,chr1.282112734_C,0.022829501
chr1.281421168_A,chr1.282112734_C,0.021441843
chr1.281421168_A,chr1.282104740_T,0.02318734
chr1.281097018_C,chr1.282112734_C,0.015452355
chr1.281097018_C,chr1.282104740_T,0.020435597
chr1.281499469_G,chr1.282112734_C,0.01958673
chr1.281499469_G,chr1.282235634_G,0.020961883
chr1.281489910_C,chr1.282112734_C,0.015028113
chr1.281489910_C,chr1.281432568_C,0.010293267
chr1.281489910_C,chr1.282235634_G,0.018280949
chr1.281156229_T,chr1.282112734_C,0.014932984
chr1.282736277_C,chr1.282127663_T,0.021441843
chr1.281359616_A,chr1.282112734_C,0.022829501
chr1.280980250_C,chr1.282112734_C,0.019625243
chr1.280940472_C,chr1.282112734_C,0.023914209
chr1.280940472_C,chr1.281474809_G,0.009005868
chr1.280940472_C,chr1.281432568_C,0.008945689
chr1.280940472_C,chr1.281407364_C,0.023914209
chr1.280940472_C,chr1.280931791_G,0.010018814
chr1.280940472_C,chr1.281284292_A,0.021441843
chr1.280940472_C,chr1.280959008_T,0.013171364
chr1.280940472_C,chr1.281074099_T,0.008945689
chr1.281272807_T,chr1.282112734_C,0.018158736
chr1.281272807_T,chr1.282104740_T,0.023914209
chr1.281224216_T,chr1.282112734_C,0.014663487
chr1.281224216_T,chr1.282104740_T,0.021401007
chr1.282023224_A,chr1.282112734_C,0.00799626
chr1.282023224_A,chr1.282011630_A,0.01958673
chr1.282023224_A,chr1.281474809_G,0.006905947
chr1.282023224_A,chr1.281529167_C,0.015257225
chr1.281058810_T,chr1.282112734_C,0.014172743
chr1.281058810_T,chr1.281961194_A,0.028897314
chr1.280947073_T,chr1.282112734_C,0.023072774
chr1.280947073_T,chr1.282104740_T,0.02318734
chr10.83587272_G,chr12.29243508_C,0.024810857
chr10.83662558_G,chr12.29243508_C,0.021672018
chr18.27348077_G,chr18.23221760_A,0.021672018
chr18.27348077_G,chr18.23166732_G,0.022829501
chr1.282730801_G,chr1.282235634_G,0.02318734
chr1.276976769_G,chr2.57386662_T,0.028028381
chr7.129160545_G,chr19.25681473_A,0.02253009
chr7.129160545_G,chr19.25680879_C,0.021890018
chr7.129058426_G,chr19.25680879_C,0.024180883
chr4.22236911_T,chr10.97702372_G,0.023202326
chr4.22236911_T,chr10.97850151_C,0.027709475
chr4.22239130_C,chr10.97702372_G,0.029421189
chr1.277878039_A,chr2.57386662_T,0.025720589
chr1.277878039_A,chr2.57386477_T,0.021441843
chr4.22344502_C,chr10.97702372_G,0.023781802
chr2.61233894_C,chr7.112714136_A,0.029260436
chr2.61233894_C,chr7.112695628_A,0.023912727
chr2.61233894_C,chr7.112718973_T,0.022829501
chr2.61233894_C,chr7.112708111_G,0.026518937
chr4.22289673_C,chr10.97702372_G,0.024180883
chr2.48426197_T,chr11.84807362_G,0.028353969
chr2.48426197_T,chr11.84772356_C,0.023901141
chr2.48426197_T,chr11.84743918_T,0.027402925
chr2.48426197_T,chr11.84900016_G,0.023914209
chr2.48426197_T,chr11.84942356_G,0.024426889
chr7.129508581_A,chr19.25681473_A,0.024636202
chr7.129508581_A,chr19.25680879_C,0.025188787
chr10.110930702_G,chr6.28354772_G,0.021890018
chr11.85159124_T,chr2.47959251_C,0.02140021
chr4.22210021_A,chr10.97702372_G,0.02318734
chr1.277090402_C,chr2.57386662_T,0.028928112
chr4.23109105_C,chr10.97702372_G,0.018284227
chr4.23109105_C,chr10.97544848_T,0.028941866
chr4.23109105_C,chr10.97376192_C,0.028353969
chr4.23109105_C,chr10.97451232_T,0.02318734
chr4.23109105_C,chr10.97431117_A,0.02318734
chr4.23109105_C,chr10.97567684_A,0.029260436
chr4.23109105_C,chr10.97623344_T,0.02318734
chr4.23109105_C,chr10.96763180_A,0.029260436
chr4.23109105_C,chr10.97763449_T,0.022829501
chr4.23109105_C,chr10.97797154_A,0.021672018
chr4.23109105_C,chr10.97850151_C,0.02347034
chr4.23109105_C,chr10.97979120_A,0.024810857
chr4.23109105_C,chr10.98088054_T,0.023781802
chr4.23109105_C,chr10.98073746_A,0.022895211
chr10.110951474_G,chr6.28354772_G,0.02140021
chr10.110987336_T,chr6.28354772_G,0.024636202
chr11.84807362_G,chr2.48473993_G,0.027341603
chr11.84807362_G,chr2.47959251_C,0.015452355
chr11.84807362_G,chr2.47863634_T,0.029260436
chr10.97131700_C,chr4.23226790_T,0.028167308
chr4.22696000_C,chr10.97702372_G,0.028292584
chr8.103234525_C,chr16.82742553_A,0.023914209
chr8.103234525_C,chr16.82814403_T,0.022829501
chr11.84772356_C,chr2.48473993_G,0.02318734
chr11.84772356_C,chr2.47959251_C,0.013171364
chr11.84772356_C,chr2.47863634_T,0.024810857
chr11.84772356_C,chr2.47675100_G,0.029063018
chr10.97702372_G,chr4.23003794_C,0.028930577
chr10.97702372_G,chr4.21955965_A,0.021441843
chr10.97702372_G,chr4.22737818_G,0.028444998
chr10.97702372_G,chr4.23058227_A,0.021534449
chr10.97702372_G,chr4.23226790_T,0.02318734
chr10.97702372_G,chr4.23139915_T,0.025221791
chr11.84743918_T,chr2.48473993_G,0.024426889
chr11.84743918_T,chr2.47959251_C,0.020633975
chr3.110489396_T,chr11.86345475_A,0.029810867
chr7.89978135_G,chr7.100173611_A,0.028782989
chr2.48473993_G,chr11.84900016_G,0.023912727
chr2.48473993_G,chr11.84942356_G,0.024636202
chr2.48473993_G,chr11.84736704_A,0.029260436
chr2.48473993_G,chr11.84844382_G,0.028206009
chr8.103283168_A,chr16.82742553_A,0.028353969
chr8.103283168_A,chr16.82814403_T,0.024636202
chr11.84988242_C,chr2.47959251_C,0.02318734
chr11.84997950_C,chr2.47959251_C,0.02318734
chr4.21955965_A,chr10.97763449_T,0.029260436
chr4.21955965_A,chr10.97850151_C,0.028292584
chr1.277152855_A,chr2.57386662_T,0.023473585
chr20.8388954_T,chr20.609693_T,0.02037022
chr20.8388954_T,chr20.237252_C,0.02514046
chr20.8388954_T,chr20.246790_G,0.02882894
chr11.84900016_G,chr2.47959251_C,0.018284227
chr2.43783444_A,chr4.156971452_A,0.018710354
chr11.84942356_G,chr2.47959251_C,0.020435597
chr8.103355435_A,chr16.82742553_A,0.015452355
chr8.103355435_A,chr16.82814403_T,0.019426515
chr11.84736704_A,chr2.47959251_C,0.019272867
chr8.103596188_A,chr16.82742553_A,0.017892545
chr8.103596188_A,chr16.82814403_T,0.01301113
chr10.97623344_T,chr4.23058227_A,0.02318734
chr2.100346317_C,chr7.56031262_G,0.026597206
chr11.84979498_G,chr2.47959251_C,0.021441843
chr8.103618599_A,chr16.82742553_A,0.026540215
chr8.103618599_A,chr16.82814403_T,0.02318734
chr8.103393302_T,chr16.82742553_A,0.029260436
chr8.103393302_T,chr16.82814403_T,0.025221791
chr8.103313750_C,chr16.82742553_A,0.023897864
chr8.103313750_C,chr16.82814403_T,0.017007888
chr2.47959251_C,chr11.85244782_A,0.02318734
chr2.47959251_C,chr11.85221347_G,0.01958673
chr2.47959251_C,chr11.84844382_G,0.021672018
chr10.96763180_A,chr4.23226790_T,0.029647184
chr1.187303587_G,chr13.61366453_C,0.02962703
chr18.2221752_G,chr1.224509668_T,0.025016461
chr11.23660848_G,chr13.91670822_C,0.021441843
chr18.2312673_T,chr1.224811954_G,0.02318734
chr18.2312673_T,chr1.224509668_T,0.024636202
chr10.96656597_T,chr4.23226790_T,0.029057456
chr5.75710477_G,chr5.48880628_T,0.021672018
chr9.76681520_A,chr5.101158133_C,0.010499038
chr9.76681520_A,chr5.101099558_G,0.017419564
chr9.76681520_A,chr5.101273619_T,0.02318734
chr1.275562907_G,chr2.57386662_T,0.02318734
chr1.275602856_A,chr2.57386662_T,0.021534449
chr1.275303312_C,chr2.57386662_T,0.029207045
chr1.275318204_A,chr2.57386662_T,0.029260436
chr18.2289525_C,chr1.224811954_G,0.023202326
chr18.2289525_C,chr1.224509668_T,0.026540215
chr3.109933397_A,chr11.86345475_A,0.029421189
chr11.23689902_C,chr13.91670822_C,0.021441843
chr2.100016081_T,chr7.56031262_G,0.023901141
chr2.99958599_G,chr7.56031262_G,0.029260436
chr9.76653812_A,chr5.101158133_C,0.014012455
chr9.76653812_A,chr5.101099558_G,0.028292584
chr14.17011586_A,chr9.114963745_A,0.025720589
chr9.77571698_C,chr4.166182348_G,0.02318734
chr9.77571698_C,chr4.166195614_C,0.026980325
chr9.77571698_C,chr4.166095935_C,0.026518937
chr11.84844382_G,chr2.48362345_C,0.026540215
chr1.275350447_G,chr2.57386662_T,0.02318734
chr9.77282557_A,chr4.166182348_G,0.029575515
chr2.244235995_T,chr2.242872886_T,0.029171263
chr9.76652875_A,chr5.101158133_C,0.008945689
chr9.76652875_A,chr5.101099558_G,0.01896826
chr9.76652875_A,chr5.101273619_T,0.023395938
chr5.110447936_A,chr15.66923450_A,0.02318734
chr5.110447936_A,chr15.66665928_T,0.02475152
chr5.110447936_A,chr15.66597080_A,0.027343039
chr5.110447936_A,chr15.66712669_A,0.029624185
chr5.110447936_A,chr15.66600790_G,0.026518937
chr5.110447936_A,chr15.66692345_C,0.027064686
chr5.110447936_A,chr15.66245532_C,0.023897864
chr5.110447936_A,chr15.66218046_C,0.023897864
chr5.110447936_A,chr15.66262063_A,0.023897864
chr9.76921315_C,chr4.166182348_G,0.015257225
chr9.76921315_C,chr4.166195614_C,0.023202326
chr9.76921315_C,chr4.166095935_C,0.021672018
chr9.77522795_T,chr4.166182348_G,0.021890018
chr9.77522795_T,chr4.166195614_C,0.027709475
chr9.77522795_T,chr4.166095935_C,0.024636202
chr1.196117077_C,chr10.93910877_A,0.027583553
chr2.243012470_G,chr6.100656096_G,0.023202326
chr14.16982159_T,chr9.114963745_A,0.026011031
chr9.76941285_T,chr4.166182348_G,0.015390941
chr9.76941285_T,chr4.166195614_C,0.023395938
chr9.76941285_T,chr4.166095935_C,0.021672018
chr8.103517638_T,chr16.82742553_A,0.021890018
chr8.103517638_T,chr16.82814403_T,0.009851007
chr9.77114825_A,chr4.166182348_G,0.028017753
chr8.103462915_G,chr16.82814403_T,0.015199543
chr4.81334869_T,chr16.56957029_A,0.014866366
chr4.81334869_T,chr16.57101069_T,0.025720589
chr3.111391075_G,chr11.86345475_A,0.024677842
chr2.43853466_A,chr4.156971452_A,0.024426889
chr9.76693340_A,chr5.101158133_C,0.021441843
chr4.81310835_T,chr16.56957029_A,0.013782923
chr4.81310835_T,chr16.57101069_T,0.023914209
chr9.76524457_T,chr5.101158133_C,0.013171364
chr9.76524457_T,chr5.101099558_G,0.027161954
chr1.278474050_C,chr2.57386477_T,0.018537081
chr9.76545102_C,chr5.101158133_C,0.015452355
chr9.76545102_C,chr5.101099558_G,0.028292584
chr7.119904187_C,chr10.100874565_A,0.024426889
chr7.119904187_C,chr10.100830169_T,0.024810857
chr7.119904187_C,chr10.100896986_T,0.023897864
chr7.119904187_C,chr10.100854974_A,0.028255746
chr7.119904187_C,chr10.100752670_C,0.023914209
chr7.119904187_C,chr10.100789169_G,0.02140021
chr7.119904187_C,chr10.100772587_C,0.021401007
chr7.119904187_C,chr10.101180805_A,0.028398258
chr2.103068216_T,chr7.56031262_G,0.026540215
chr16.56787973_C,chr20.4412819_T,0.022829501
chr16.56787973_C,chr20.4189899_A,0.019426515
chr16.56787973_C,chr20.4339652_A,0.023575082
chr16.56787973_C,chr20.4370648_A,0.02318734
chr16.56787973_C,chr20.4210312_G,0.027275173
chr16.56787973_C,chr20.4097448_C,0.021672018
chr5.27377998_A,chr1.202435392_T,0.024426889
chr5.27377998_A,chr1.202671987_G,0.029260436
chr5.27377998_A,chr1.202369021_A,0.028255746
chr5.27377998_A,chr1.199969787_A,0.028782989
chr5.27377998_A,chr1.202474594_G,0.024636202
chr4.133238440_T,chr20.237252_C,0.024636202
chr20.4023536_C,chr4.133637976_A,0.023897864
chr9.76594282_T,chr5.101158133_C,0.013421534
chr9.76594282_T,chr5.101099558_G,0.024106002
chr4.133637976_A,chr20.4149905_C,0.014892398
chr4.133637976_A,chr20.4027561_T,0.023202326
chr4.133637976_A,chr20.4018982_C,0.02514046
chr4.133637976_A,chr20.4173914_T,0.015199665
chr4.133637976_A,chr20.4166213_G,0.011089587
chr4.133637976_A,chr20.4160320_T,0.017007888
chr4.133637976_A,chr20.4144318_A,0.011089587
chr4.133637976_A,chr20.4032801_C,0.028353969
chr4.133637976_A,chr20.4219926_G,0.023781802
chr4.133637976_A,chr20.4191670_A,0.024810857
chr4.133637976_A,chr20.4104429_C,0.023202326
chr4.133637976_A,chr20.4198900_C,0.02318734
chr4.133637976_A,chr20.4242992_T,0.02695123
chr14.3287709_C,chr5.109339243_C,0.02677301
chr14.3287709_C,chr5.109287646_C,0.029171263
chr14.16985316_C,chr9.114963745_A,0.029207045
chr1.196093929_T,chr10.93910877_A,0.018597955
chr1.196093929_T,chr10.93947895_A,0.022829501
chr9.76644694_A,chr5.101158133_C,0.016499556
chr9.76617110_T,chr5.101158133_C,0.01478797
chr9.76617110_T,chr5.101099558_G,0.026518937
chr1.224811954_G,chr18.2141437_C,0.023606867
chr5.28668753_G,chr7.139118597_A,0.029490937
chr5.28668753_G,chr7.139422325_G,0.026980325
chr5.28668753_G,chr7.139134241_C,0.028202265
chr5.28668753_G,chr7.139246453_G,0.008945689
chr5.28668753_G,chr7.139456317_G,0.024636202
chr5.28668753_G,chr7.139152726_A,0.029260436
chr5.28668753_G,chr7.139297361_T,0.021672018
chr5.28668753_G,chr7.138884898_A,0.029151501
chr5.28668753_G,chr7.139324566_A,0.023897864
chr5.28668753_G,chr7.138933296_C,0.029260436
chr18.2141437_C,chr1.224509668_T,0.02318734
chr9.76995147_G,chr4.166182348_G,0.019272867
chr9.76995147_G,chr4.166195614_C,0.026122031
chr9.76995147_G,chr4.166095935_C,0.021890018
chr2.244212579_T,chr2.242872886_T,0.026540215
chr5.28623615_C,chr7.139246453_G,0.010499038
chr5.28623615_C,chr7.139297361_T,0.025221791
chr5.28623615_C,chr7.139324566_A,0.029490937
chr5.111018579_C,chr1.52426577_T,0.019625243
chr5.111946685_C,chr15.66665928_T,0.026597206
chr5.111946685_C,chr15.66597080_A,0.027343039
chr5.111946685_C,chr15.66712669_A,0.029773923
chr5.111946685_C,chr15.66600790_G,0.027625809
chr5.111946685_C,chr15.66692345_C,0.028897314
chr5.111946685_C,chr15.66207252_G,0.029260436
chr5.111946685_C,chr15.67162595_T,0.024810857
chr5.28645576_T,chr7.139422325_G,0.027709475
chr5.28645576_T,chr7.139134241_C,0.028599082
chr5.28645576_T,chr7.139246453_G,0.008945689
chr5.28645576_T,chr7.139456317_G,0.02514046
chr5.28645576_T,chr7.139152726_A,0.029575515
chr5.28645576_T,chr7.139297361_T,0.021890018
chr5.28645576_T,chr7.138884898_A,0.029260436
chr5.28645576_T,chr7.139324566_A,0.023914209
chr5.28645576_T,chr7.138933296_C,0.029490937
chr2.100808246_C,chr5.135603518_A,0.029575515
chr4.133117226_C,chr20.237252_C,0.02798564
chr5.28508611_G,chr7.139118597_A,0.02695123
chr5.28508611_G,chr7.139422325_G,0.024636202
chr5.28508611_G,chr7.139134241_C,0.024677842
chr5.28508611_G,chr7.139246453_G,0.00799626
chr5.28508611_G,chr7.139456317_G,0.02318734
chr5.28508611_G,chr7.139152726_A,0.029260436
chr5.28508611_G,chr7.139297361_T,0.020394357
chr5.28508611_G,chr7.138884898_A,0.02695123
chr5.28508611_G,chr7.139324566_A,0.023202326
chr5.28508611_G,chr7.138933296_C,0.028255746
chr20.23591039_T,chr16.79462142_A,0.021369678
chr20.4412819_T,chr16.56733037_A,0.023072774
chr2.244184549_T,chr2.242872886_T,0.025188787
chr20.4076587_G,chr16.56733037_A,0.022868731
chr20.4189899_A,chr16.56733037_A,0.01958673
chr5.28618177_G,chr7.139118597_A,0.028292584
chr5.28618177_G,chr7.139422325_G,0.024810857
chr5.28618177_G,chr7.139134241_C,0.023914209
chr5.28618177_G,chr7.139246453_G,0.008945689
chr5.28618177_G,chr7.139456317_G,0.02318734
chr5.28618177_G,chr7.139152726_A,0.025016461
chr5.28618177_G,chr7.139297361_T,0.02140021
chr5.28618177_G,chr7.138884898_A,0.027335875
chr5.28618177_G,chr7.139324566_A,0.024106002
chr5.28618177_G,chr7.138933296_C,0.023897864
chr5.28618177_G,chr7.139216835_A,0.029490937
chr5.27692209_G,chr1.200236472_C,0.02318734
chr5.27692209_G,chr1.200023690_C,0.025741047
chr5.27692209_G,chr1.202435392_T,0.02318734
chr5.27692209_G,chr1.202369021_A,0.025655541
chr5.27692209_G,chr1.199969787_A,0.021370199
chr5.27692209_G,chr1.200175925_A,0.029023045
chr5.27692209_G,chr1.202474594_G,0.027343039
chr5.27692209_G,chr1.200213803_C,0.029490937
chr2.103785753_T,chr7.56031262_G,0.028897314
chr1.200236472_C,chr5.27704272_G,0.02318734
chr5.28597149_A,chr7.139246453_G,0.010499038
chr5.28597149_A,chr7.139456317_G,0.02842922
chr5.28597149_A,chr7.139297361_T,0.02318734
chr5.28597149_A,chr7.139324566_A,0.028677438
chr4.166182348_G,chr9.77008295_A,0.029260436
chr4.166182348_G,chr9.77077241_A,0.026540215
chr4.166182348_G,chr9.76797918_T,0.02347034
chr4.166182348_G,chr9.76812292_T,0.02318734
chr4.166182348_G,chr9.76964993_T,0.021441843
chr4.132874130_A,chr20.237252_C,0.02318734
chr4.132874130_A,chr20.246790_G,0.019272867
chr4.81319958_A,chr16.56957029_A,0.021370199
chr7.139118597_A,chr5.28448577_A,0.027064686
chr7.139118597_A,chr5.28411536_A,0.029260436
chr6.100656096_G,chr2.242991624_C,0.022091063
chr6.100656096_G,chr2.244080785_C,0.019625243
chr5.28521712_A,chr7.139422325_G,0.029207045
chr5.28521712_A,chr7.139134241_C,0.029207045
chr5.28521712_A,chr7.139246453_G,0.009851007
chr5.28521712_A,chr7.139456317_G,0.026518937
chr5.28521712_A,chr7.139297361_T,0.022829501
chr5.28521712_A,chr7.139324566_A,0.026540215
chr7.139422325_G,chr5.28448577_A,0.021890018
chr7.139422325_G,chr5.28411536_A,0.022289937
chr4.166195614_C,chr9.76964993_T,0.028677438
chr20.4339652_A,chr16.56733037_A,0.023914209
chr16.56957029_A,chr4.80940406_G,0.01958673
chr16.56957029_A,chr4.80940461_C,0.024426889
chr20.4370648_A,chr16.56733037_A,0.02318734
chr5.27704272_G,chr1.200023690_C,0.025016461
chr5.27704272_G,chr1.202435392_T,0.02318734
chr5.27704272_G,chr1.202369021_A,0.02487804
chr5.27704272_G,chr1.199969787_A,0.020646113
chr5.27704272_G,chr1.200175925_A,0.028292584
chr5.27704272_G,chr1.202474594_G,0.026540215
chr5.27704272_G,chr1.200213803_C,0.029006182
chr9.76797918_T,chr4.166095935_C,0.028292584
chr8.103015825_T,chr16.82814403_T,0.02318734
chr8.103037482_A,chr16.82814403_T,0.028017753
chr9.76812292_T,chr4.166095935_C,0.02318734
chr2.244941516_T,chr2.242872886_T,0.019625243
chr2.242872886_T,chr2.244891054_C,0.019625243
chr2.242872886_T,chr2.244508800_C,0.013171364
chr2.242872886_T,chr2.244269248_G,0.013171364
chr2.242872886_T,chr2.244357102_C,0.005886567
chr4.133631703_T,chr20.237252_C,0.023536935
chr7.139246453_G,chr5.28448577_A,0.013764429
chr7.139246453_G,chr5.28411536_A,0.015199665
chr8.103172738_A,chr16.82814403_T,0.029465795
chr4.132909926_C,chr20.246790_G,0.024810857
chr13.59614131_G,chr6.21635976_A,0.029207045
chr7.139456317_G,chr5.28448577_A,0.023919944
chr7.139456317_G,chr5.28411536_A,0.023606867
chr16.73996541_T,chr9.116016321_C,0.027343039
chr20.237252_C,chr4.132951462_C,0.028292584
chr9.76964993_T,chr4.166095935_C,0.021672018
chr5.28448577_A,chr7.139297361_T,0.02318734
chr5.28448577_A,chr7.138884898_A,0.025016461
chr7.139297361_T,chr5.28411536_A,0.024180883
chr20.23568637_C,chr16.79462142_A,0.021040746
chr2.123072103_T,chr8.50754041_T,0.023914209
chr2.123072103_T,chr8.50766638_C,0.024636202
chr20.23623317_C,chr16.79462142_A,0.024636202
chr2.259939985_T,chr2.244968227_G,0.023914209
chr7.138884898_A,chr5.28411536_A,0.025221791
chr2.47207905_G,chr5.4490029_A,0.023914209
chr16.56733037_A,chr20.4097448_C,0.022289937
