adj_pval,pval,ttest,snp1_name,snp2_name
0.02185675,1.10E-08,5.741699008,rs3672274_G,rs13483831_G
0.028935101,2.14E-08,5.625765029,rs3656502_C,rs13483831_G
0.028935101,2.11E-08,5.627993522,rs6316774_G,rs13483831_G
0.028935101,2.11E-08,-5.627993522,rs6317800_C,rs13483831_G
0.028935101,2.16E-08,-5.623555297,rs13477225_A,rs3712011_C
0.024745744,1.48E-08,-5.689880016,gnf03.079.138_G,rs3712011_C
0.018474892,8.11E-09,-5.793637013,rs13477227_G,rs3712011_C
0.028935101,1.98E-08,-5.638857483,rs13477228_A,rs3712011_C
0.034688024,3.44E-08,-5.541548951,rs13477230_C,rs3712011_C
0.018395024,6.47E-09,-5.832074552,rs13477245_G,rs3712011_C
0.049922549,7.37E-08,-5.404270673,UT_3_89.90208_A,rs3712011_C
0.035407411,3.84E-08,-5.521693623,rs4224044_A,rs3712011_C
0.043651579,6.12E-08,-5.438091626,rs6224931_A,rs3712011_C
0.047698765,6.86E-08,-5.4172282,rs13459185_G,rs3712011_C
0.043268688,5.98E-08,-5.442117394,rs6217010_G,rs3712011_C
0.034688024,3.69E-08,-5.52874552,rs13477273_A,rs3712011_C
0.041508623,5.20E-08,-5.467567518,rs4224122_G,rs3712011_C
0.043268688,5.95E-08,-5.443083229,rs4224125_A,rs3712011_C
0.049988001,7.49E-08,5.401227928,rs6209043_G,rs13483831_G
0.034204582,2.88E-08,-5.573264662,rs3678202_G,rs13483999_C
0.034688024,3.64E-08,5.531288661,rs13478858_G,rs13483831_G
0.036005245,4.24E-08,-5.50424948,rs3152159_C,rs13483831_G
0.031943648,2.63E-08,5.589337332,rs13480720_C,rs13483831_G
0.017668576,3.63E-09,5.929455157,rs3704401_A,rs13483831_G
0.036005245,4.24E-08,5.504188349,rs13480726_G,rs13483831_G
0.017668576,3.63E-09,5.929455157,rs3683912_A,rs13483831_G
0.017668576,3.63E-09,5.929455157,rs3705990_A,rs13483831_G
0.030605291,2.46E-08,5.600949139,rs6195285_G,rs13483831_G
0.030367182,2.38E-08,5.606473048,rs6390581_G,rs13483831_G
0.049521854,7.22E-08,-5.408058011,rs13482087_G,rs13483999_C
0.035407411,3.90E-08,5.518921826,rs13482087_G,rs13484001_T
0.006986097,9.14E-10,-6.156492717,rs13482088_G,rs13483999_C
0.018395024,6.53E-09,5.830460777,rs13482088_G,rs13484000_G
0.018474892,8.63E-09,5.782894067,rs13482088_G,rs13484001_T
0.006986097,9.14E-10,-6.156492717,rs13482089_G,rs13483999_C
0.018395024,6.53E-09,5.830460777,rs13482089_G,rs13484000_G
0.018474892,8.63E-09,5.782894067,rs13482089_G,rs13484001_T
0.006986097,8.82E-10,-6.162292909,rs13482092_G,rs13483999_C
0.018395024,6.42E-09,5.833249185,rs13482092_G,rs13484000_G
0.018474892,8.51E-09,5.785258332,rs13482092_G,rs13484001_T
0.006986097,8.82E-10,-6.162292909,rs3719797_C,rs13483999_C
0.018395024,6.42E-09,5.833249185,rs3719797_C,rs13484000_G
0.018474892,8.51E-09,5.785258332,rs3719797_C,rs13484001_T
0.023890588,1.29E-08,-5.713603293,rs4230209_A,rs13483999_C
0.043268688,5.74E-08,-5.449539323,rs13482711_A,rs13483446_G
0.043268688,5.74E-08,-5.449539323,rs13482711_A,rs3705916_C
0.049988001,7.57E-08,-5.399475799,CEL.15_93879270_C,rs3682892_A
6.29E-05,3.52E-12,7.002734075,CEL.17_67822062_C,rs13483831_G
0.024745744,1.43E-08,5.695259978,gnfX.026.801_T,rs13483770_G
0.018474892,8.28E-09,5.78994538,rs13483737_G,rs13483746_G
0.018395024,5.66E-09,-5.854843908,rs13483737_G,rs13483748_G
0.034622317,3.26E-08,5.550778738,rs13483737_G,gnfX.035.350_T
0.018271244,4.10E-09,-5.909242448,rs13483737_G,CEL.X_44124389_G
0.034688024,3.44E-08,-5.541577264,rs13483746_G,rs13483748_G
0.023890588,1.29E-08,5.713060891,rs13483748_G,CEL.X_44124389_G
0.042183596,5.36E-08,-5.46198727,gnfX.035.350_T,rs13483750_G
6.29E-05,3.33E-12,-7.010750143,gnfX.035.350_T,CEL.X_44124389_G
0.010601347,1.58E-09,6.066829175,rs13483750_G,CEL.X_44124389_G
0.02185675,1.10E-08,-5.740783065,CEL.X_44311522_A,rs13483831_G
0.034580497,3.04E-08,-5.563618538,rs6411410_G,rs13483831_G
0.018395024,5.78E-09,-5.851258581,rs13483753_A,rs13483831_G
0.034622317,3.30E-08,-5.548896018,rs13483756_A,rs13483831_G
0.034622317,3.29E-08,-5.549514314,rs13483757_A,rs13483831_G
0.034688024,3.67E-08,5.530088236,rs13483770_G,gnfX.044.260_A
0.034622317,3.20E-08,-5.554116577,rs13483822_G,rs13483831_G
0.043268688,5.87E-08,-5.44559673,rs13483823_A,rs13483831_G
5.64E-17,1.05E-24,10.41373824,rs13483844_G,CEL.X_72954447_T
0.026879208,1.66E-08,5.670125239,rs13483953_A,rs13483962_A
0.040394481,4.98E-08,5.475177199,rs13483953_A,CEL.X_109180276_A
0.036005245,4.17E-08,5.506927771,rs13483953_A,rs6363550_G
0.023892434,1.34E-08,5.707173768,rs13483953_A,rs6403915_T
0.036763183,4.41E-08,5.497168654,rs13483953_A,CEL.X_113373391_C
0.027762216,1.76E-08,5.659274096,rs13483953_A,CEL.X_114105272_A
0.043268688,5.93E-08,5.443713222,rs13483953_A,rs3023645_G
0.028935101,1.93E-08,5.643445808,rs13483955_A,CEL.X_107899661_G
0.029377888,2.25E-08,5.616545052,rs13483955_A,rs13483962_A
0.036763183,4.47E-08,5.494850101,rs13483955_A,CEL.X_113373391_C
0.036005245,4.10E-08,5.510233109,CEL.X_106665254_A,rs13483962_A
0.034688024,3.55E-08,5.535894761,CEL.X_106665254_A,rs13483983_G
0.034580497,3.04E-08,5.563633916,CEL.X_107572711_G,rs13483983_G
0.046331257,6.58E-08,5.424886631,rs13483997_T,rs13483999_C